Date,Close,High,Low,Open,Volume,Daily_Return,Price_Momentum,Volatility,Pct_Change,SMA_5,SMA_10,EMA_5,EMA_10,Volume_Change,RSI_14,Hour,DayOfWeek,MACD,MACD_Signal,SMA20,Bollinger_Upper,Bollinger_Lower,ATR,OBV,Stochastic_%K,Stochastic_%D,Lag_Close_1,Lag_Close_2,Lag_Close_3,Lag_Close_4,Lag_Close_5,Lag_Close_6,Lag_Close_7,Lag_Close_8,Lag_Close_9
2025-01-27 18:30:00,396.4599914550781,397.3200073242188,393.4200134277344,393.9599914550781,4002206,0.006345822048493638,2.506500244140625,0.009837042779955592,0.6362426784024988,397.82465209960935,403.2068267822266,398.23465745883766,401.93299446760807,-458103.0,23.83290887619023,18,0,-4.499999523067174,-2.857675429492012,407.9951599121094,421.21642614034295,394.7738936838758,5.002716064453129,-76225068,12.458811132461415,10.00561995082543,393.9534912109375,397.15478515625,399.2799987792969,402.2749938964844,406.5350036621094,406.8500061035156,407.9500122070313,410.2099914550781,411.3999938964844
2025-01-27 19:30:00,394.5,396.6098937988281,389.0,396.4500122070313,7026302,-0.004918683685177907,-1.959991455078125,0.019289971606661915,-0.49437307605355585,396.2696533203125,401.51682739257814,396.9897716392251,400.58154092804295,3024096.0,22.560610187959682,19,0,-4.841012873147918,-3.2543429182231933,406.9651596069336,421.03813798691533,392.89218122695183,5.377750941685272,-83251370,18.958973280033664,11.231536104605118,396.4599914550781,393.9534912109375,397.15478515625,399.2799987792969,402.2749938964844,406.5350036621094,406.8500061035156,407.9500122070313,410.2099914550781
2025-01-27 20:30:00,397.05999755859375,397.4500122070313,392.3999938964844,394.5,4426955,0.006489220680846008,2.55999755859375,0.012718527027648273,0.6489220680846008,395.8256530761719,400.2018280029297,397.0131802790147,399.94126031541583,-2599347.0,24.31449408034996,20,0,-4.848804007447029,-3.573235136067961,406.0986587524414,420.3792949648362,391.81802254004657,5.527038574218758,-78824415,27.783505154639176,19.73376318904475,394.5,396.4599914550781,393.9534912109375,397.15478515625,399.2799987792969,402.2749938964844,406.5350036621094,406.8500061035156,407.9500122070313
2025-01-28 14:30:00,393.0499877929688,397.14990234375,386.5,396.9100036621094,13942036,-0.00972516649498865,-4.010009765624943,0.027095541723714853,-1.0099253992548518,395.00469360351565,398.7118255615234,395.69211611699944,398.68830167497094,9515081.0,16.01654338877063,14,1,-5.119537965680536,-3.882495701990476,405.087158203125,420.07439637079034,390.09992003545966,5.884887695312508,-92766451,21.899433816529807,22.880637417067547,397.05999755859375,394.5,396.4599914550781,393.9534912109375,397.15478515625,399.2799987792969,402.2749938964844,406.5350036621094,406.8500061035156
2025-01-28 15:30:00,388.1799926757813,394.489990234375,387.510009765625,393.0799865722656,6949490,-0.012465640744554876,-4.8699951171875,0.017981298883118568,-1.239026909664398,393.8499938964844,396.84482421875,393.1880749699268,396.77770003875463,-6992546.0,14.286710061167668,15,1,-5.6617987916997095,-4.238356319932323,403.95215759277346,420.45391417105907,387.45040101448785,6.047786167689741,-99715941,5.755370110549291,18.47943636057276,393.0499877929688,397.05999755859375,394.5,396.4599914550781,393.9534912109375,397.15478515625,399.2799987792969,402.2749938964844,406.5350036621094
2025-01-28 16:30:00,393.5220031738281,394.2300109863281,387.4700012207031,388.1099853515625,5252923,0.013944546717506496,5.342010498046818,0.01717822564203339,1.3761684267196594,393.2623962402344,395.54352416992185,393.29938437122723,396.1857551542225,-1696567.0,26.89884049787132,16,1,-5.595981806067698,-4.509881417159399,403.0092575073242,419.63796545560473,386.3805495590437,6.184215000697549,-94463018,27.132928319080797,18.26257741538663,388.1799926757813,393.0499877929688,397.05999755859375,394.5,396.4599914550781,393.9534912109375,397.15478515625,399.2799987792969,402.2749938964844
2025-01-28 17:30:00,394.0342102050781,395.6799926757813,392.3500061035156,393.5199890136719,4123575,0.0013067219093370749,0.51220703125,0.008451008785588857,0.1301596930080029,393.16923828125005,394.7194458007813,393.5443263158443,395.7945651634689,-1129348.0,28.725713386655983,17,1,-5.439784099093117,-4.695861953546142,402.1664672851563,418.8219888411002,385.5109457292123,6.092784336635053,-90339443,31.22340936799664,21.370569265875577,393.5220031738281,388.1799926757813,393.0499877929688,397.05999755859375,394.5,396.4599914550781,393.9534912109375,397.15478515625,399.2799987792969
2025-01-28 18:30:00,396.3500061035156,396.5899963378906,392.4299926757813,394.1000061035156,3502718,0.0057092107717679344,2.3157958984375,0.01049578301513345,0.5877144264281542,393.0272399902344,394.42644653320315,394.47955291173474,395.8955544252956,-620857.0,34.76611062884285,18,1,-5.07067928151298,-4.77082541913951,401.45971832275393,417.82607655102663,385.0933600944812,6.149220057896209,-86836725,42.36561764952957,33.57398511220234,394.0342102050781,393.5220031738281,388.1799926757813,393.0499877929688,397.05999755859375,394.5,396.4599914550781,393.9534912109375,397.15478515625
2025-01-28 19:30:00,400.4100036621094,400.5899963378906,395.6099853515625,396.3200073242188,6238810,0.010319934049013709,4.05999755859375,0.012437279140834267,1.024346536160614,394.4992431640625,394.75196838378906,396.4563698285263,396.71636337744354,2736092.0,42.15265847073783,19,1,-4.399834627378425,-4.696627260787293,400.86171875,416.4027657866233,385.3206717133767,6.294219970703133,-80597915,65.15222335144377,46.24708345632333,396.3500061035156,394.0342102050781,393.5220031738281,388.1799926757813,393.0499877929688,397.05999755859375,394.5,396.4599914550781,393.9534912109375
2025-01-28 20:30:00,398.1000061035156,400.30999755859375,397.3449096679688,400.2999877929688,3777704,-0.005495832516964729,-2.30999755859375,0.0074480980787876416,-0.5769080536117355,396.4832458496094,395.1666198730469,397.0042485868561,396.96793478218393,-2461106.0,40.19824928968707,20,1,-4.008376830353143,-4.5589771747004635,400.0392242431641,414.21088305247815,385.86756543385,6.365297589983263,-84375619,57.51149521808006,55.009778739684464,400.4100036621094,396.3500061035156,394.0342102050781,393.5220031738281,388.1799926757813,393.0499877929688,397.05999755859375,394.5,396.4599914550781
2025-01-29 14:30:00,392.0400085449219,398.58990478515625,391.05169677734375,395.1900024414063,11559216,-0.007970833971063001,-6.05999755859375,0.019228159992626708,-1.5222299587249966,396.1868469238281,394.72462158203126,395.34950190621134,396.07194819359086,7781512.0,38.58416092323358,14,2,-4.139418226755595,-4.47506538511149,398.9657241821289,412.0520604090582,385.8793879551996,5.965026855468754,-95934835,27.466724766880457,50.043481112134764,398.1000061035156,400.4100036621094,396.3500061035156,394.0342102050781,393.5220031738281,388.1799926757813,393.0499877929688,397.05999755859375,394.5
2025-01-29 15:30:00,389.7650146484375,393.7000122070313,389.4100036621094,392.05999755859375,5957156,-0.00585365230946129,-2.274993896484375,0.011006653711060903,-0.5802963592741794,395.3330078125,394.251123046875,393.48800615362006,394.925233003563,-5602060.0,39.213993196022194,15,2,-4.376394124776198,-4.455331133044432,397.88397521972655,410.1964533276505,385.5714971118026,5.696463448660722,-101891991,21.75574304195669,35.577987675639065,392.0400085449219,398.1000061035156,400.4100036621094,396.3500061035156,394.0342102050781,393.5220031738281,388.1799926757813,393.0499877929688,397.05999755859375
2025-01-29 16:30:00,390.2550048828125,390.8999938964844,387.7348937988281,389.6639099121094,4995242,0.0015169353785841994,0.489990234375,0.008110338261021612,0.12571426781773365,394.1140075683594,393.57062377929685,392.4103390633509,394.076100617972,-961914.0,41.87740884125573,16,2,-4.473098024759281,-4.458884511387401,396.88622589111327,408.1854735997782,385.5869781824483,5.461292811802467,-96896749,26.65014803953208,25.290871949456402,389.7650146484375,392.0400085449219,398.1000061035156,400.4100036621094,396.3500061035156,394.0342102050781,393.5220031738281,388.1799926757813,393.0499877929688
2025-01-29 17:30:00,389.9989929199219,391.510009765625,384.7200012207031,390.2749938964844,5691640,-0.0007071961588082322,-0.256011962890625,0.017410323278234878,-0.06560119913581186,392.03180541992185,393.26552429199216,391.6065570155412,393.33480830923554,696398.0,44.99778804960018,17,2,-4.518310319224327,-4.470769672954787,395.9886749267578,406.40487081682573,385.5724790366899,5.590587071010053,-102588389,33.263978093487275,27.22328972499201,390.2550048828125,389.7650146484375,392.0400085449219,398.1000061035156,400.4100036621094,396.3500061035156,394.0342102050781,393.5220031738281,388.1799926757813
2025-01-29 18:30:00,385.05999755859375,390.55999755859375,385.05999755859375,389.9700012207031,4706590,-0.012590721457393754,-4.938995361328125,0.014283488378101589,-1.2664123372088443,389.4238037109375,392.9535247802734,389.4243705298921,391.8302972636643,-985050.0,36.41563844371953,18,2,-4.89623627312227,-4.555862992988283,394.89917449951173,405.0878023226558,384.71054667636764,5.704873221261165,-107294979,2.142384640827032,20.685503591282124,389.9989929199219,390.2550048828125,389.7650146484375,392.0400085449219,398.1000061035156,400.4100036621094,396.3500061035156,394.0342102050781,393.5220031738281
2025-01-29 19:30:00,391.1400146484375,391.6899108886719,384.4800109863281,385.1099853515625,8361168,0.01565794065653804,6.08001708984375,0.018433040937588848,1.578979153480775,389.2438049316406,392.7153259277344,389.9962519027406,391.704791333623,3654578.0,46.354183913374605,19,2,-4.651518933275611,-4.574994181045749,394.1294250488281,402.83486350039163,385.4239865972646,5.676302228655138,-98933811,41.34084244504558,25.582401726453288,385.05999755859375,389.9989929199219,390.2550048828125,389.7650146484375,392.0400085449219,398.1000061035156,400.4100036621094,396.3500061035156,394.0342102050781
2025-01-29 20:30:00,388.0299987792969,391.8500061035156,386.8999938964844,391.2799987792969,5136360,-0.008306072403749868,-3.110015869140625,0.012756777111572528,-0.7951157520756258,388.8968017578125,392.1149047851562,389.34083419492606,391.0366472328364,-3224808.0,40.317400896481786,20,2,-4.6548724949422535,-4.59096984382505,393.41717529296875,401.6337675329672,385.2005830529703,5.669158935546875,-104070171,22.03594674668303,21.839724610851874,391.1400146484375,385.05999755859375,389.9989929199219,390.2550048828125,389.7650146484375,392.0400085449219,398.1000061035156,400.4100036621094,396.3500061035156
2025-01-30 14:30:00,392.1300048828125,412.5,384.4100036621094,410.5,38277085,-0.04475029261190621,4.100006103515625,0.07163439672586464,1.0566209098301194,389.2718017578125,391.6929046630859,390.2705577575549,391.23543953283206,33140725.0,49.01542991739612,14,3,-4.277386935341497,-4.52825326212834,393.0596755981445,400.81123681242997,385.30811438385905,6.914879935128348,-65793086,27.483097996312683,30.28662906268043,388.0299987792969,391.1400146484375,385.05999755859375,389.9989929199219,390.2550048828125,389.7650146484375,392.0400085449219,398.1000061035156,400.4100036621094
2025-01-30 15:30:00,397.114990234375,397.2999877929688,388.9800109863281,392.3500061035156,11751967,0.012144728066098731,4.9849853515625,0.020951051990584085,1.271258330015379,390.69500122070315,391.3634033203125,392.5520352498283,392.30444875129444,-26525118.0,59.53879936664728,15,3,-3.5352283413947134,-4.329648277981615,393.0576858520508,400.80484025396225,385.3105314501393,7.010593959263397,-54041119,45.229577175586364,31.582873972860686,392.1300048828125,388.0299987792969,391.1400146484375,385.05999755859375,389.9989929199219,390.2550048828125,389.7650146484375,392.0400085449219,398.1000061035156
2025-01-30 16:30:00,399.1099853515625,401.1799926757813,395.8001098632813,397.0700073242188,9660590,0.0051375777311681815,1.9949951171875,0.01347969985707334,0.5023721506987266,393.5049987792969,391.4644012451172,394.73801861707307,393.5418190422522,-2091377.0,56.42473938870819,16,3,-2.7543326434397386,-4.0145851510732395,393.31551055908204,401.51802361049283,385.11299750767125,6.912013462611611,-44380529,52.33173231006907,41.681469160656036,397.114990234375,392.1300048828125,388.0299987792969,391.1400146484375,385.05999755859375,389.9989929199219,390.2550048828125,389.7650146484375,392.0400085449219
2025-01-30 17:30:00,403.9874877929688,409.1000061035156,398.1650085449219,399.1199951171875,12022190,0.012195562074889631,4.877502441406307,0.027067663947546814,1.2220948160717837,396.0744934082031,392.6591491699219,397.82117500903837,395.44103154238246,2361600.0,60.39978138549815,17,3,-1.7220428546341964,-3.556076691785431,393.69188537597654,403.10359112911794,384.28017962283513,7.455228533063616,-32358339,69.69557380985253,55.752294431835985,399.1099853515625,397.114990234375,392.1300048828125,388.0299987792969,391.1400146484375,385.05999755859375,389.9989929199219,390.2550048828125,389.7650146484375
2025-01-30 18:30:00,404.1099853515625,406.2900085449219,401.3001098632813,403.8500061035156,6986207,0.0006437519973201055,0.12249755859369316,0.012347872763647547,0.030322116970227242,399.2904907226563,394.09364624023436,399.9174451232131,397.01720496223334,-5035983.0,58.49756748320898,18,3,-0.8838724985638464,-3.0216358531411145,394.17238464355466,404.67573891034937,383.66903037675996,7.514506748744419,-25372132,70.13166343094107,64.05298985028755,403.9874877929688,399.1099853515625,397.114990234375,392.1300048828125,388.0299987792969,391.1400146484375,385.05999755859375,389.9989929199219,390.2550048828125
2025-01-30 19:30:00,406.0277099609375,406.7445068359375,402.0400085449219,404.2049865722656,6968639,0.004509403518568419,1.917724609375,0.0115866434127568,0.47455511590652755,402.0700317382813,395.67091674804686,401.95420006912127,398.65547859836136,-17568.0,56.45450280472009,19,3,-0.06413282056928438,-2.4301352466267487,394.6207702636719,406.3386071244297,382.9029334029141,7.4948272705078125,-18403493,76.9587366220763,72.2619912876233,404.1099853515625,403.9874877929688,399.1099853515625,397.114990234375,392.1300048828125,388.0299987792969,391.1400146484375,385.05999755859375,389.9989929199219
2025-01-30 20:30:00,400.4800109863281,407.5,398.9501037597656,405.8999938964844,7359961,-0.013353000718542741,-5.547698974609375,0.021349121068932095,-1.3663350649498973,402.7430358886719,396.7190185546875,401.4628037081902,398.98721175980984,391322.0,52.54516403169021,20,3,0.13629273909373296,-1.9168496494826526,394.99227142333984,406.9686926473943,383.0158501992854,7.886598859514513,-25763454,57.20900469660047,68.09980158320595,406.0277099609375,404.1099853515625,403.9874877929688,399.1099853515625,397.114990234375,392.1300048828125,388.0299987792969,391.1400146484375,385.05999755859375
2025-01-31 14:30:00,414.7785949707031,417.9299926757813,401.4249877929688,401.5150146484375,25170319,0.0330338339498439,14.298583984375,0.03979232555136624,3.570361464273719,405.8767578125,399.6908782958984,405.9014007956946,401.8583723436086,17810358.0,70.67369054251728,14,4,1.4323959001007438,-1.2470005395659733,396.32220153808595,410.7665181106508,381.8778849655211,8.594582693917419,-593135,90.59845245237756,74.92206459035144,400.4800109863281,406.0277099609375,404.1099853515625,403.9874877929688,399.1099853515625,397.114990234375,392.1300048828125,388.0299987792969,391.1400146484375
2025-01-31 15:30:00,415.0199890136719,418.4400024414063,413.8800048828125,414.6700134277344,9233301,0.0008439857588074455,0.24139404296875,0.010987416701135299,0.05819828841113761,408.0832580566406,402.07887573242186,408.9409302016871,404.25139355634735,-15937018.0,73.84325406086296,15,4,2.450794244487156,-0.5074415827553475,397.3971008300781,414.0020450004131,380.7921566597431,8.61386762346541,8640166,89.9500042597266,79.25248713623488,414.7785949707031,400.4800109863281,406.0277099609375,404.1099853515625,403.9874877929688,399.1099853515625,397.114990234375,392.1300048828125,388.0299987792969
2025-01-31 16:30:00,418.4599914550781,419.9800109863281,414.7999877929688,415.1419982910156,8663098,0.00799242952464804,3.44000244140625,0.012378777658880194,0.828876327037098,410.95325927734376,405.121875,412.1139506194841,406.83477499248016,-570203.0,75.2233671911545,16,4,3.4951715552783753,0.2930810448513972,398.61838989257814,417.6042306023285,379.63254918282774,8.757790701729915,17303264,95.72668198407973,92.09171289872796,415.0199890136719,414.7785949707031,400.4800109863281,406.0277099609375,404.1099853515625,403.9874877929688,399.1099853515625,397.114990234375,392.1300048828125
2025-01-31 17:30:00,415.8970947265625,419.805908203125,415.80999755859375,418.5499877929688,5981017,-0.006338294454134667,-2.562896728515625,0.009607931132960712,-0.6124592029942644,412.92713623046876,407.498583984375,413.3749986551769,408.48246948958604,-2682081.0,72.24261073091974,17,4,4.069137269945088,1.0482922898701355,399.59574432373046,420.04593460702836,379.14555404043256,8.558212280273441,11322247,88.52146353935197,91.39938326105276,418.4599914550781,415.0199890136719,414.7785949707031,400.4800109863281,406.0277099609375,404.1099853515625,403.9874877929688,399.1099853515625,397.114990234375
2025-01-31 18:30:00,408.5050048828125,416.95989990234375,407.2999877929688,415.8999938964844,12042768,-0.017780690363540748,-7.39208984375,0.023646985946098934,-1.7773843427807634,414.5321350097656,408.63758544921876,411.75166739772214,408.486566833809,6061751.0,69.32161597707903,18,4,3.882771192533653,1.615188070402839,400.0004943847656,420.8353553313972,379.165633438134,8.855348859514509,-720521,67.7396577433298,83.99593442225382,415.8970947265625,418.4599914550781,415.0199890136719,414.7785949707031,400.4800109863281,406.0277099609375,404.1099853515625,403.9874877929688,399.1099853515625
2025-01-31 19:30:00,402.8500061035156,410.1499938964844,401.4400939941406,408.5593872070313,11400867,-0.013974421546267247,-5.654998779296875,0.021620701924739874,-1.384315666075897,412.14641723632815,409.01158752441404,408.78444696632005,407.46173761011926,-641901.0,59.718578547110326,19,4,3.241398765529084,1.940430209428088,400.2379943847656,421.0899236504948,379.3860651190364,8.962491716657366,-12121388,51.8414356042342,69.36751896230531,408.5050048828125,415.8970947265625,418.4599914550781,415.0199890136719,414.7785949707031,400.4800109863281,406.0277099609375,404.1099853515625,403.9874877929688
2025-01-31 20:30:00,404.5799865722656,405.3699951171875,402.25,402.7699890136719,6096507,0.004493873942858017,1.72998046875,0.007711689210386115,0.4294353835271991,410.05841674804685,409.0708374023437,407.3829601683019,406.93778287596405,-5304360.0,64.05749390844522,20,4,2.839964123468121,2.1203369922360946,400.8649932861328,421.4311760748446,380.298810497421,8.831776210239955,-6024881,56.70502883597385,58.76204072784594,402.8500061035156,408.5050048828125,415.8970947265625,418.4599914550781,415.0199890136719,414.7785949707031,400.4800109863281,406.0277099609375,404.1099853515625
2025-02-03 14:30:00,384.55999755859375,389.1700134277344,374.3900146484375,386.6900024414063,36603549,-0.005508300885372149,-20.019989013671875,0.03843353149867053,-4.948338938682506,403.27841796875,407.1158386230469,399.77530596506585,402.8690946364421,30507042.0,44.93884270001298,14,0,0.8960493786150323,1.8754794695118824,400.6047424316406,421.88179284871694,379.32769201456426,8.981774466378349,-42628430,22.307487885678558,43.61798410862886,404.5799865722656,402.8500061035156,408.5050048828125,415.8970947265625,418.4599914550781,415.0199890136719,414.7785949707031,400.4800109863281,406.0277099609375
2025-02-03 15:30:00,384.2999877929688,389.1000061035156,382.2301025390625,384.4200134277344,14045165,-0.000312225249916993,-0.26000976562494316,0.017876408489906327,-0.06761227565935668,396.95899658203126,404.94306640625,394.6168665743669,399.4928933921742,-22558384.0,40.85431351486976,15,0,-0.6579136578138787,1.3688008440467303,400.30699157714844,422.34686452888843,378.26711862540844,8.878197806222094,-56673595,21.737165914828026,33.58322754549348,384.55999755859375,404.5799865722656,402.8500061035156,408.5050048828125,415.8970947265625,418.4599914550781,415.0199890136719,414.7785949707031,400.4800109863281
2025-02-03 16:30:00,379.4200134277344,387.1028137207031,379.2999877929688,384.3037109375,10245819,-0.01270791140125074,-4.879974365234432,0.020565140613544548,-1.269834639667844,391.1419982910156,402.8370666503906,389.55124885882276,395.84327885318515,-3799346.0,36.503612767244576,16,0,-2.257194178079601,0.643601839621464,399.7780426025391,423.31639329490093,376.2396919101772,9.051265171595974,-66919414,11.033119507220396,18.359257769242323,384.2999877929688,384.55999755859375,404.5799865722656,402.8500061035156,408.5050048828125,415.8970947265625,418.4599914550781,415.0199890136719,414.7785949707031
2025-02-03 17:30:00,380.2807922363281,381.4299926757813,377.4100036621094,379.3674926757813,7289977,0.002407427041534502,0.86077880859375,0.010571107181173857,0.22686700177392272,386.62815551757814,399.3872863769531,386.4610966513246,393.0137358319384,-2955842.0,32.803445239264235,17,0,-3.4158026103307293,-0.16827905036897461,399.5390823364258,423.7927251881725,375.2854394846791,8.557335989815844,-59629437,12.921206538888663,15.230497320312358,379.4200134277344,384.2999877929688,384.55999755859375,404.5799865722656,402.8500061035156,408.5050048828125,415.8970947265625,418.4599914550781,415.0199890136719
2025-02-03 18:30:00,383.4664001464844,385.33990478515625,378.3299865722656,380.385986328125,7021104,0.008098126453328849,3.18560791015625,0.018280397474753542,0.8376988728309387,382.4054382324219,396.2319274902344,385.46286448304454,391.2778566164013,-268873.0,35.66253007068599,18,0,-4.030495165724915,-0.9407222734401627,399.1554016113281,424.1984328587446,374.1123703639116,8.701623099190849,-52608333,19.908721708984512,14.62101591836452,380.2807922363281,379.4200134277344,384.2999877929688,384.55999755859375,404.5799865722656,402.8500061035156,408.5050048828125,415.8970947265625,418.4599914550781
2025-02-03 19:30:00,384.1900939941406,385.2991943359375,383.10540771484375,383.489990234375,5588620,0.0018256115611720329,0.72369384765625,0.005710159255504407,0.18872418740722985,382.3314575195312,392.8049377441406,385.03860765340994,389.98917250326303,-1432484.0,34.5774535874191,19,0,-4.40842976497305,-1.63426377174674,398.9634063720703,424.4210174446987,373.50579529944196,8.522286551339286,-47019713,21.496117861185507,18.10868203635289,383.4664001464844,380.2807922363281,379.4200134277344,384.2999877929688,384.55999755859375,404.5799865722656,402.8500061035156,408.5050048828125,415.8970947265625
2025-02-03 20:30:00,383.8599853515625,385.0698852539063,381.3599853515625,384.3399963378906,5498643,-0.0012489228050731563,-0.330108642578125,0.009664721627460213,-0.08592325719443128,382.24345703125,389.6012268066406,384.6457335527941,388.87477483931747,-89977.0,37.32845524444968,20,0,-4.680627308350665,-2.243536479067525,398.54990539550784,424.7331688594348,372.3666419315809,8.176572527204245,-52518356,20.772036551479925,20.725625373883307,384.1900939941406,383.4664001464844,380.2807922363281,379.4200134277344,384.2999877929688,384.55999755859375,404.5799865722656,402.8500061035156,408.5050048828125
2025-02-04 14:30:00,384.2000122070313,390.7300109863281,382.1300048828125,383.0,16974210,0.003133191141073908,0.34002685546880684,0.022384190083995618,0.08858095879866745,383.1994567871094,387.1707275390625,384.49715977087317,388.0248179970836,11475567.0,20.381960763448674,14,1,-4.813422360323045,-2.757513655318629,397.90415649414064,424.86200361585975,370.9463093724215,7.544431413922991,-35544146,21.517873100684042,21.262009171116485,383.8599853515625,384.1900939941406,383.4664001464844,380.2807922363281,379.4200134277344,384.2999877929688,384.55999755859375,404.5799865722656,402.8500061035156
2025-02-04 15:30:00,383.4649963378906,386.5299987792969,381.3999938964844,384.2699890136719,7514180,-0.0020948622031282524,-0.7350158691406818,0.013378026499952528,-0.19131073549903954,383.8362976074219,385.2322265625,384.1531052932123,387.1957595135939,-9460030.0,19.72571455340784,15,1,-4.921243996183648,-3.190259723491633,397.12190704345704,424.8299460272418,369.41386805967227,7.585146222795755,-43058326,19.905642505855507,20.73185071933982,384.2000122070313,383.8599853515625,384.1900939941406,383.4664001464844,380.2807922363281,379.4200134277344,384.2999877929688,384.55999755859375,404.5799865722656
2025-02-04 16:30:00,382.8599853515625,386.8999938964844,382.7000122070313,383.4624938964844,6459369,-0.0015712320096799926,-0.605010986328125,0.010970019981577392,-0.15777476226148668,383.7150146484375,383.0602264404297,383.72206531266244,386.40743693867904,-1054811.0,13.879997250455716,16,1,-4.997900068816477,-3.5517877925566017,396.0655319213867,424.277850652563,367.8532131902104,7.5151432582310225,-49517695,18.649794246425856,20.02443661765513,383.4649963378906,384.2000122070313,383.8599853515625,384.1900939941406,383.4664001464844,380.2807922363281,379.4200134277344,384.2999877929688,384.55999755859375
2025-02-04 17:30:00,386.8200073242188,387.4500122070313,382.6799926757813,382.9500122070313,4625665,0.010105744859188814,3.960021972656307,0.012331367149920813,1.034326418055942,384.2409973144532,383.2862274169922,384.7547126498479,386.4824497360499,-1833704.0,21.31153069323402,17,1,-4.685102930538335,-3.7784508201529485,395.2010330200195,423.4350559299669,366.9670101100721,7.570436750139505,-44892030,29.199027908210585,22.58482155349731,382.8599853515625,383.4649963378906,384.2000122070313,383.8599853515625,384.1900939941406,383.4664001464844,380.2807922363281,379.4200134277344,384.2999877929688
2025-02-04 18:30:00,387.5398864746094,388.2298889160156,385.0799865722656,386.7799987792969,5080670,0.0019646509584537865,0.7198791503905682,0.008127943609635065,0.18610183981182526,384.97697753906255,383.61021728515624,385.68310392476843,386.6747109612425,455005.0,26.178760977253916,18,1,-4.329216204157774,-3.8886038969539136,394.2766418457031,422.22733711215767,366.3259465792486,7.105436052594866,-39811360,36.77259356041178,28.207138571682734,386.8200073242188,382.8599853515625,383.4649963378906,384.2000122070313,383.8599853515625,384.1900939941406,383.4664001464844,380.2807922363281,379.4200134277344
2025-02-04 19:30:00,389.80999755859375,389.9800109863281,385.5191955566406,387.4599914550781,6099070,0.006065158094621192,2.270111083984375,0.011443563422246446,0.5857748229827875,386.098974609375,384.6492156982422,387.05873513604354,387.24476306985184,1018400.0,33.94886566399437,19,1,-3.819960292696692,-3.8748751761024693,393.7431411743164,421.6024612668504,365.8838210817824,6.801930018833706,-33712290,49.774023988525855,38.5818818190494,387.5398864746094,386.8200073242188,382.8599853515625,383.4649963378906,384.2000122070313,383.8599853515625,384.1900939941406,383.4664001464844,380.2807922363281
2025-02-04 20:30:00,392.3999938964844,394.0,388.8700866699219,389.7799987792969,6908873,0.006721727962934821,2.589996337890625,0.01307317382739665,0.6644253236479214,387.88597412109374,385.8611358642578,388.8391547228572,388.1820777656032,809803.0,35.31831397915286,20,1,-3.170828912971558,-3.7340659234762876,392.6242111206055,418.66445038692825,366.5839718542827,6.94549560546875,-26803417,91.84086028198823,59.46249261030861,389.80999755859375,387.5398864746094,386.8200073242188,382.8599853515625,383.4649963378906,384.2000122070313,383.8599853515625,384.1900939941406,383.4664001464844
2025-02-05 14:30:00,381.0999145507813,388.3900146484375,380.5199890136719,387.510009765625,17273766,-0.016541753898746167,-11.300079345703068,0.02065081973067971,-2.879734842372106,387.5339599609375,385.6244873046875,386.25940799883193,386.89441172654466,10364893.0,44.71909379686826,14,2,-3.5275462252319016,-3.6927619838274106,390.92820739746094,415.1841096043798,366.6723051905421,5.637640816824777,-44077183,22.24178241826601,54.61888889626002,392.3999938964844,389.80999755859375,387.5398864746094,386.8200073242188,382.8599853515625,383.4649963378906,384.2000122070313,383.8599853515625,384.1900939941406
2025-02-05 15:30:00,382.2999877929688,384.4800109863281,380.0199890136719,380.9949951171875,7226674,0.0034252226210475904,1.2000732421875,0.01166628855628302,0.314897274013326,386.6299560546875,385.43547668457035,384.93960126354426,386.05906192043994,-10047092.0,47.03267426971441,15,2,-3.671093305543593,-3.688428248170647,389.1202072143555,409.87302063577937,368.36739379293164,5.465506417410714,-36850509,29.475498555059843,47.852713751771354,381.0999145507813,392.3999938964844,389.80999755859375,387.5398864746094,386.8200073242188,382.8599853515625,383.4649963378906,384.2000122070313,383.8599853515625
2025-02-05 16:30:00,382.3299865722656,384.9560852050781,381.0199890136719,382.3240051269531,5334918,1.5644964041726396e-05,0.029998779296818157,0.01029502348663482,0.007846921332643753,385.5879760742188,385.28247680664066,384.0697296997848,385.38104822077185,-1891756.0,55.04321059479358,16,2,-3.7393300805956073,-3.6986086146556394,387.44185180664067,404.1025168741191,370.78118673916225,5.189311436244424,-31515591,29.65632306331065,27.12453467887883,382.2999877929688,381.0999145507813,392.3999938964844,389.80999755859375,387.5398864746094,386.8200073242188,382.8599853515625,383.4649963378906,384.2000122070313
2025-02-05 17:30:00,380.4739990234375,382.8399963378906,380.0499877929688,382.3500061035156,4592583,-0.004906517719709997,-1.855987548828125,0.007332980839907411,-0.48544127167940987,383.7207763671875,384.9098754882813,382.87115280766903,384.48885745762016,-742335.0,50.32367704485057,17,2,-3.8982344799805446,-3.7385337877206206,386.0403015136719,399.68312922453606,372.3974738028078,5.101455688476558,-36108174,13.68226301183115,24.27136154340054,382.3299865722656,382.2999877929688,381.0999145507813,392.3999938964844,389.80999755859375,387.5398864746094,386.8200073242188,382.8599853515625,383.4649963378906
2025-02-05 18:30:00,379.8971862792969,381.4800109863281,378.0,380.4500122070313,6455253,-0.001453084268620283,-0.576812744140625,0.009160402108821237,-0.15160372209956918,381.22021484375,384.5530944824219,381.879830631545,383.65400815247045,1862670.0,43.44781377171438,18,2,-4.024321456467305,-3.795691321469958,384.892660522461,396.25216525819366,373.5331557867283,4.849319458007808,-42563427,11.857414245605469,18.398666773582416,380.4739990234375,382.3299865722656,382.2999877929688,381.0999145507813,392.3999938964844,389.80999755859375,387.5398864746094,386.8200073242188,382.8599853515625
2025-02-05 19:30:00,377.8399963378906,380.2900085449219,377.5,379.8999938964844,5386645,-0.005422473260568308,-2.05718994140625,0.007384100603332784,-0.5415122869306566,380.5682312011719,384.0510955810547,380.5332192003269,382.5969150952741,-1068608.0,38.886894995898274,19,2,-4.2413526560893615,-3.884823588393839,383.55566101074226,390.6539197070359,376.4574023144486,4.891906738281246,-47950072,2.060583866003788,9.200087041146798,379.8971862792969,380.4739990234375,382.3299865722656,382.2999877929688,381.0999145507813,392.3999938964844,389.80999755859375,387.5398864746094,386.8200073242188
2025-02-05 20:30:00,378.1700134277344,379.3500061035156,375.5299987792969,377.8200073242188,6869429,0.0009263831896949208,0.33001708984375,0.01010129621223584,0.08734307988629286,379.742236328125,383.1860961914063,379.7454839427961,381.7920238829941,1482784.0,40.0421282454718,20,2,-4.3367306924315585,-3.975205009201383,383.23616180419924,390.7094120179182,375.76291159048026,4.899771554129456,-41080643,14.293527200627864,9.403841770745702,377.8399963378906,379.8971862792969,380.4739990234375,382.3299865722656,382.2999877929688,381.0999145507813,392.3999938964844,389.80999755859375,387.5398864746094
2025-02-06 14:30:00,367.57080078125,375.3999938964844,363.1799926757813,373.1050109863281,27724738,-0.014832848774794178,-10.599212646484375,0.03324529912259129,-2.802763907802497,376.7903991699219,381.18918762207034,375.6872562222808,379.20634695540423,20855309.0,28.586832992497307,14,3,-5.207556878545347,-4.221675383070176,382.3997024536133,392.61386704512,372.1855378621066,5.356201171874988,-68805381,14.246616035092078,10.20024236724124,378.1700134277344,377.8399963378906,379.8971862792969,380.4739990234375,382.3299865722656,382.2999877929688,381.0999145507813,392.3999938964844,389.80999755859375
2025-02-06 15:30:00,366.0299987792969,369.1491088867188,363.8500061035156,367.7099914550781,11635831,-0.004568798006095216,-1.540802001953125,0.014477236294499329,-0.41918509268914494,373.90159912109374,378.8111877441407,372.4681704079528,376.810647287021,-16088907.0,28.005660757980976,15,3,-5.9533957096615495,-4.56801944838845,381.73020172119146,394.25964098294247,369.20076245944045,5.368279593331465,-80441212,9.247259656800933,12.59580096417362,367.57080078125,378.1700134277344,377.8399963378906,379.8971862792969,380.4739990234375,382.3299865722656,382.2999877929688,381.0999145507813,392.3999938964844
2025-02-06 16:30:00,369.54010009765625,370.1900024414063,364.8200073242188,366.0549926757813,8413894,0.009520720906986068,3.510101318359375,0.014531562652519718,0.958965475525364,371.83018188476564,376.52519836425785,371.4921469711873,375.4887296162274,-3221937.0,34.34438577864498,16,3,-6.189889324488433,-4.892393423608447,381.19316711425785,394.8538459551576,367.53248827335807,5.451851981026782,-72027318,20.636294323256383,14.71005667171646,366.0299987792969,367.57080078125,378.1700134277344,377.8399963378906,379.8971862792969,380.4739990234375,382.3299865722656,382.2999877929688,381.0999145507813
2025-02-06 17:30:00,371.7699890136719,371.7699890136719,368.3399963378906,369.5400085449219,6189988,0.006034476422541187,2.229888916015625,0.0092261150096629,0.6034227179746887,370.6161804199219,375.5922058105469,371.58476098534885,374.81259496121726,-2223906.0,31.560937344598955,17,3,-6.126753418878764,-5.139265422662511,380.6083465576172,394.84843519424,366.36825792099444,5.356135777064728,-65837330,27.87149349942061,19.251682493159304,369.54010009765625,366.0299987792969,367.57080078125,378.1700134277344,377.8399963378906,379.8971862792969,380.4739990234375,382.3299865722656,382.2999877929688
2025-02-06 18:30:00,370.1050109863281,374.0899963378906,369.80999755859375,371.760009765625,7364740,-0.004451793457667123,-1.66497802734375,0.01156428216924353,-0.447851649284825,369.0031799316406,374.3727081298828,371.0915109856753,373.95667060214646,1174752.0,29.122534416577196,18,3,-6.140286173999698,-5.339469572929948,379.9040924072266,394.7774331359608,365.0307516784924,5.436856951032362,-73202070,22.469229931379882,23.659005918018952,371.7699890136719,369.54010009765625,366.0299987792969,367.57080078125,378.1700134277344,377.8399963378906,379.8971862792969,380.4739990234375,382.3299865722656
2025-02-06 19:30:00,369.3599853515625,378.1700134277344,367.4200134277344,370.0899963378906,6654280,-0.0019725228824116286,-0.745025634765625,0.029104397948705747,-0.2013011476878268,369.36101684570315,373.0757080078125,370.5143357743044,373.12090964749484,-710460.0,24.583732217116093,19,3,-6.140346233075775,-5.499644904959114,379.1790924072266,394.64241989465296,363.7157649198003,5.8860844203403975,-79856350,20.051885811606827,23.464203080802434,370.1050109863281,371.7699890136719,369.54010009765625,366.0299987792969,367.57080078125,378.1700134277344,377.8399963378906,379.8971862792969,380.4739990234375
2025-02-06 20:30:00,374.30999755859375,374.3200073242188,369.4200134277344,369.4299926757813,6196275,0.01320955249861163,4.95001220703125,0.013090737432727526,1.3401593034826798,371.0170166015625,372.4593078613281,371.77955636906756,373.3371074495128,-458005.0,28.762714111185502,20,3,-5.675545063607785,-5.534824936688849,378.6845916748047,394.104344490031,363.26483885957845,5.873949323381696,-73660075,44.14912805266293,28.89008126521654,369.3599853515625,370.1050109863281,371.7699890136719,369.54010009765625,366.0299987792969,367.57080078125,378.1700134277344,377.8399963378906,379.8971862792969
2025-02-07 14:30:00,372.30999755859375,380.5458984375,369.1099853515625,370.1799926757813,20544879,0.0057539708383915495,-2.0,0.030716105291096106,-0.5343164791335675,371.57099609375,371.7005889892578,371.95637009890964,373.15036019661846,14348604.0,36.79800155841764,14,4,-5.40625018651906,-5.509109986654892,378.1268417358399,393.6253182090664,362.6283652626134,5.842228480747768,-94204954,41.92673626147227,35.37591670858067,374.30999755859375,369.3599853515625,370.1050109863281,371.7699890136719,369.54010009765625,366.0299987792969,367.57080078125,378.1700134277344,377.8399963378906
2025-02-07 15:30:00,369.17669677734375,374.7699890136719,367.2799987792969,372.1600036621094,11276843,-0.008016194258946273,-3.13330078125,0.020288361372094756,-0.8415838419049915,371.0523376464844,370.8342590332031,371.02981232505437,372.4278759385685,-9268036.0,31.371307176065002,15,4,-5.383604402842593,-5.484008869892432,377.442677307129,393.2660710391207,361.6192835751373,6.05865478515625,-105481797,27.5380171786774,37.87129383093753,372.30999755859375,374.30999755859375,369.3599853515625,370.1050109863281,371.7699890136719,369.54010009765625,366.0299987792969,367.57080078125,378.1700134277344
2025-02-07 16:30:00,368.7983093261719,370.25,366.30999755859375,369.1749877929688,7246299,-0.0010203249928951604,-0.378387451171875,0.010683352775138785,-0.1024949446904233,370.79099731445314,369.8970886230469,370.28597799209354,371.76795473631455,-4030544.0,30.97972399096099,16,4,-5.3346951165474366,-5.4541461192234335,376.54159240722663,392.16785706033653,360.91532775411673,6.058933803013393,-112728096,28.577393712386417,32.68071571751202,369.17669677734375,372.30999755859375,374.30999755859375,369.3599853515625,370.1050109863281,371.7699890136719,369.54010009765625,366.0299987792969,367.57080078125
2025-02-07 17:30:00,369.5,371.260009765625,367.55999755859375,368.68450927734375,4641968,0.002211893101380062,0.701690673828125,0.010013564836349798,0.19026407011197843,370.8190002441406,370.0900085449219,370.0239853280624,371.3555993297119,-2604331.0,34.05749297298256,17,4,-5.17960630439768,-5.399238156258283,375.63959808349614,390.6638267567807,360.6153694102116,6.123934064592638,-108086128,34.53552459330761,30.21697849479047,368.7983093261719,369.17669677734375,372.30999755859375,374.30999755859375,369.3599853515625,370.1050109863281,371.7699890136719,369.54010009765625,366.0299987792969
2025-02-07 18:30:00,363.86370849609375,370.0,363.4400939941406,369.55419921875,6280189,-0.015398257507792196,-5.63629150390625,0.018028470146067888,-1.5253833569434994,368.7297424316406,369.8733795166016,367.9705597174062,369.99343735996314,1638221.0,29.69258158952796,18,4,-5.4486898187869315,-5.409128488764013,374.3422836303711,388.6796931652689,360.0048740954734,6.3439265659877275,-114366317,3.937115804345907,22.350011370013306,369.5,368.7983093261719,369.17669677734375,372.30999755859375,374.30999755859375,369.3599853515625,370.1050109863281,371.7699890136719,369.54010009765625
2025-02-07 19:30:00,361.8699951171875,365.5700073242188,361.2000122070313,363.8200073242188,8026032,-0.005359826748872418,-1.99371337890625,0.012076146616611102,-0.5479286151253149,366.64174194335936,369.1063690185547,365.937038184,368.5164478612767,1745843.0,29.740402431593054,19,4,-5.756459567480022,-5.478594704507215,372.8157836914063,385.4589784262662,360.1725889565464,6.456782749720986,-122392349,3.4631802450125413,13.978606880888682,363.86370849609375,369.5,368.7983093261719,369.17669677734375,372.30999755859375,374.30999755859375,369.3599853515625,370.1050109863281,371.7699890136719
2025-02-07 20:30:00,361.489990234375,362.8399963378906,360.3399963378906,361.8528137207031,6786259,-0.0010026825067281945,-0.3800048828125,0.006915820818106483,-0.10501143723989914,365.1044006347656,368.078369140625,364.45468886745834,367.23891011093093,-1239773.0,28.866469678000087,20,4,-5.9623028134612355,-5.57533632629802,371.8352874755859,384.8106372953777,358.8599376557941,6.36249651227679,-129178608,5.691376167296223,4.363890738884886,361.8699951171875,363.86370849609375,369.5,368.7983093261719,369.17669677734375,372.30999755859375,374.30999755859375,369.3599853515625,370.1050109863281
2025-02-10 14:30:00,360.8999938964844,361.75,350.54998779296875,356.239990234375,26149683,0.013081079580772212,-0.589996337890625,0.03103356164157683,-0.16321235824762192,363.5247375488281,367.1578674316406,363.26979054380035,366.08637989012243,19363424.0,38.675963964337335,14,0,-6.102694776002352,-5.6808080162388865,370.7652877807617,383.63615488428286,357.89442067724053,6.0917816162109455,-155328291,34.50472374774394,14.55309338668423,361.489990234375,361.8699951171875,363.86370849609375,369.5,368.7983093261719,369.17669677734375,372.30999755859375,374.30999755859375,369.3599853515625
2025-02-10 15:30:00,360.7510070800781,362.6824951171875,358.6249084472656,360.9200134277344,9997298,-0.000468265381160664,-0.14898681640625,0.011247610097513013,-0.04128202242336121,361.7749389648437,366.2969696044922,362.43019605589296,365.11631210647795,-16152385.0,40.59418322915172,15,0,-6.155027087837652,-5.7756518305586395,369.6863388061523,382.08449008600513,357.2881875262995,6.003101893833709,-165325589,34.00803332159942,24.734711078879855,360.8999938964844,361.489990234375,361.8699951171875,363.86370849609375,369.5,368.7983093261719,369.17669677734375,372.30999755859375,374.30999755859375
2025-02-10 16:30:00,358.4696960449219,362.1998901367188,358.20001220703125,360.7449951171875,6630048,-0.006307222839020947,-2.28131103515625,0.011158203814211145,-0.6323782859599447,360.6961364746094,364.712939453125,361.1100293855693,363.9078364589223,-3367250.0,29.372113415134834,16,0,-6.307870353899489,-5.88209553522681,368.58612365722655,380.85823351222103,356.31401380223207,5.905236380440856,-171955637,26.402626497345626,31.638461188896326,360.7510070800781,360.8999938964844,361.489990234375,361.8699951171875,363.86370849609375,369.5,368.7983093261719,369.17669677734375,372.30999755859375
2025-02-10 17:30:00,359.9504089355469,361.3999938964844,357.6000061035156,358.4599914550781,5833230,0.0041578349494982,1.480712890625,0.010556975901780903,0.4130650113418399,360.3122192382813,363.4769805908203,360.72348923556183,363.1883041819449,-796818.0,27.343594615400818,17,0,-6.2376152422583,-5.953199476633108,367.5887847900391,379.2155593908499,355.9620101892283,5.931664603097106,-166122407,31.33900902019115,30.583222946378726,358.4696960449219,360.7510070800781,360.8999938964844,361.489990234375,361.8699951171875,363.86370849609375,369.5,368.7983093261719,369.17669677734375
2025-02-10 18:30:00,357.6600036621094,360.0,356.510009765625,359.95001220703125,5767250,-0.0063620182449243496,-2.2904052734375,0.009757843199241488,-0.6363113408346277,359.5462219238281,362.3253112792969,359.7023273777444,362.1831586328839,-65980.0,26.703327590067957,18,0,-6.294198521420299,-6.021399285590546,366.57978515625,377.96070841408607,355.19886189841395,5.875235421316972,-171889657,23.703283935595064,27.148306484377276,359.9504089355469,358.4696960449219,360.7510070800781,360.8999938964844,361.489990234375,361.8699951171875,363.86370849609375,369.5,368.7983093261719
2025-02-10 19:30:00,354.989990234375,357.7300109863281,352.90008544921875,357.6400146484375,8312971,-0.007409753678339074,-2.670013427734375,0.013605807684663204,-0.7465227871151114,358.3642211914063,360.94447937011716,358.1315483299546,360.875309833155,2545721.0,24.90818560256463,19,0,-6.479793916464303,-6.1130782117652975,365.42078399658203,376.55035578233276,354.2912122108313,5.452372959681928,-180202628,14.802025829529985,23.281439595105397,357.6600036621094,359.9504089355469,358.4696960449219,360.7510070800781,360.8999938964844,361.489990234375,361.8699951171875,363.86370849609375,369.5
2025-02-10 20:30:00,350.6400146484375,355.0,350.510009765625,354.9800109863281,8336029,-0.01222603020894542,-4.3499755859375,0.012805127899839962,-1.225379786924563,356.34202270507814,359.05848083496096,355.6343704361156,359.01434707229726,23058.0,7.784626035765768,20,0,-6.8983662081381,-6.270135811039859,364.5742446899414,377.4533259993834,351.69516338049937,5.4187992640904055,-188538657,0.4328318174059353,12.979380527510322,354.989990234375,357.6600036621094,359.9504089355469,358.4696960449219,360.7510070800781,360.8999938964844,361.489990234375,361.8699951171875,363.86370849609375
2025-02-11 14:30:00,343.99029541015625,349.3699951171875,341.79998779296875,345.82501220703125,24873778,-0.0053053328478641975,-6.64971923828125,0.022006456069327957,-1.8964519052249273,353.446142578125,357.0711395263672,351.7530120941292,356.28270131554433,16537749.0,6.677180146516449,14,1,-7.678155535914698,-6.551739756014827,363.4722595214844,379.26818381117243,347.6763352317963,5.233378819056924,-213412435,6.643334959333037,7.292730868756315,350.6400146484375,354.989990234375,357.6600036621094,359.9504089355469,358.4696960449219,360.7510070800781,360.8999938964844,361.489990234375,361.8699951171875
2025-02-11 15:30:00,337.3699951171875,345.1658020019531,335.7121887207031,343.92999267578125,18757988,-0.019073642015216108,-6.62030029296875,0.02802149989054667,-1.9245601929191225,348.9300598144531,354.6211395263672,346.9586731018153,352.8440274612976,-6115790.0,6.033487785041032,15,1,-8.729716365538764,-6.987335077919615,361.86375427246094,381.21068140416605,342.5168271407558,5.373637608119424,-232170423,4.663594976438643,3.9132539177258665,343.99029541015625,350.6400146484375,354.989990234375,357.6600036621094,359.9504089355469,358.4696960449219,360.7510070800781,360.8999938964844,361.489990234375
2025-02-11 16:30:00,334.9349975585937,337.5599975585937,332.70001220703125,337.3299865722656,15643896,-0.007099840242512379,-2.434997558593807,0.014510234484266563,-0.7217587793330593,344.38505859375,351.96564025878905,342.9507812540748,349.5878402062605,-3114092.0,5.708896036351462,16,1,-9.648349682704236,-7.519537998876539,360.02200469970705,382.2036740947612,337.8403353046529,5.439350673130581,-247814319,5.796124204018106,5.701018046596591,337.3699951171875,343.99029541015625,350.6400146484375,354.989990234375,357.6600036621094,359.9504089355469,358.4696960449219,360.7510070800781,360.8999938964844
2025-02-11 17:30:00,329.69781494140625,335.0599975585937,329.1199951171875,335.0,13216361,-0.015827418085354476,-5.237182617187443,0.018016505333715505,-1.563641499205004,339.3266235351563,348.8454223632813,338.53312581651863,345.97147197628703,-2427535.0,3.462553469047535,17,1,-10.675904887179854,-8.150811376537202,358.00164489746095,383.43836955247104,332.56492024245085,5.599349975585933,-261030680,1.4134534129218934,3.957724197792876,334.9349975585937,337.3699951171875,343.99029541015625,350.6400146484375,354.989990234375,357.6600036621094,359.9504089355469,358.4696960449219,360.7510070800781
2025-02-11 18:30:00,332.4849853515625,334.6000061035156,329.1499938964844,329.7298889160156,12201626,0.008355616303405896,2.78717041015625,0.01639175435627123,0.8453712108015043,335.69561767578125,346.01882019042966,336.5170789948666,343.5193834990644,-1014735.0,10.692566353548159,18,1,-11.136968392016627,-8.748042779633087,356.15789489746095,383.40907662303135,328.90671317189054,5.52007184709821,-248829054,9.231794533462143,5.4804573834673755,329.69781494140625,334.9349975585937,337.3699951171875,343.99029541015625,350.6400146484375,354.989990234375,357.6600036621094,359.9504089355469,358.4696960449219
2025-02-11 19:30:00,326.41729736328125,332.7300109863281,326.1099853515625,332.4814147949219,14682047,-0.01823896663631872,-6.06768798828125,0.020280866511182362,-1.8249509769186711,332.18101806640624,342.81358032226564,333.1504851176715,340.4099132925584,2480421.0,9.702278457126141,19,1,-11.855315554221477,-9.369497334550765,353.7632598876953,382.66525972711685,324.8612600482738,5.680788312639505,-263511101,0.8366782461163423,3.8273087308334546,332.4849853515625,329.69781494140625,334.9349975585937,337.3699951171875,343.99029541015625,350.6400146484375,354.989990234375,357.6600036621094,359.9504089355469
2025-02-11 20:30:00,328.6400146484375,328.6499938964844,325.1000061035156,326.5299987792969,11779313,0.006461935739529997,2.22271728515625,0.010802055850582734,0.6809434742309328,330.4350219726563,339.6825408935547,331.6469949612602,338.26993172090005,-2902734.0,14.161976726532771,20,1,-12.105709068196063,-9.916739681279825,351.5797607421875,381.17221773863105,321.98730374574393,5.755787440708701,-251731788,9.419303079245442,6.4959252862746375,326.41729736328125,332.4849853515625,329.69781494140625,334.9349975585937,337.3699951171875,343.99029541015625,350.6400146484375,354.989990234375,357.6600036621094
2025-02-12 14:30:00,338.3208923339844,339.3299865722656,329.1199951171875,329.9800109863281,35586318,0.02527692911678166,9.680877685546875,0.030178424349268394,2.945739183922269,331.11220092773436,337.7486297607422,333.8716274188349,338.27919728691535,23807005.0,29.444414192253547,14,2,-11.391665777241428,-10.211724900472147,350.0369705200195,378.9767649320799,321.0971761079591,5.719355991908478,-216145470,35.17831462854739,15.14476531796972,328.6400146484375,326.41729736328125,332.4849853515625,329.69781494140625,334.9349975585937,337.3699951171875,343.99029541015625,350.6400146484375,354.989990234375
2025-02-12 15:30:00,337.20001220703125,341.1600036621094,336.5199890136719,338.3099975585937,13170245,-0.003280971179015184,-1.120880126953125,0.013760422539927616,-0.33130680142762214,332.6126403808594,335.9696319580078,334.98108901490036,338.0829818178455,-22416073.0,28.93242982790919,15,2,-10.791825536310341,-10.327745027639786,348.4570556640625,376.52110880494274,320.3930025231823,5.76095799037388,-229315715,32.614673654199336,25.737430453997387,338.3208923339844,328.6400146484375,326.41729736328125,332.4849853515625,329.69781494140625,334.9349975585937,337.3699951171875,343.99029541015625,350.6400146484375
2025-02-12 16:30:00,343.360107421875,343.70001220703125,337.1499938964844,337.20001220703125,10429678,0.018268371861925158,6.16009521484375,0.019076235616676016,1.8268371861925203,334.78766479492185,335.24164123535155,337.7740951505586,339.0424592003963,-2740567.0,37.36080215129634,16,2,-9.70747785990892,-10.203691594093613,347.1500610351562,373.4682208638676,320.83190120644485,5.943110874720974,-218886037,50.303326333063744,39.36543820527015,337.20001220703125,338.3208923339844,328.6400146484375,326.41729736328125,332.4849853515625,329.69781494140625,334.9349975585937,337.3699951171875,343.99029541015625
2025-02-12 17:30:00,344.92999267578125,345.6199951171875,342.69000244140625,343.3949890136719,9990698,0.0044700817170289595,1.56988525390625,0.008494456086732103,0.457212477504676,338.4902038574219,335.3356109619141,340.15939432563283,340.11291983228443,-438980.0,37.45411166141148,17,2,-8.622058174554525,-9.887364910185795,346.2033752441406,371.32507780121534,321.08167268706586,5.880968366350438,-208895339,56.81945570272201,46.57915189666169,343.360107421875,337.20001220703125,338.3208923339844,328.6400146484375,326.41729736328125,332.4849853515625,329.69781494140625,334.9349975585937,337.3699951171875
2025-02-12 18:30:00,344.92999267578125,345.5799865722656,342.0799865722656,345.0199890136719,7854229,-0.0002608438373321575,0.0,0.0101469865605159,0.0,341.7481994628906,336.09161071777345,341.74959377568234,340.98875125837475,-2136469.0,38.944173425645225,18,2,-7.6734010629571685,-9.44457214074007,345.3563751220703,369.3719623970586,321.34078784708197,5.881683349609367,-208895339,60.77224518808103,55.96500907462226,344.92999267578125,343.360107421875,337.20001220703125,338.3208923339844,328.6400146484375,326.41729736328125,332.4849853515625,329.69781494140625,334.9349975585937
2025-02-12 19:30:00,345.81500244140625,346.3999938964844,343.9601135253906,344.9490051269531,7971880,0.002510508224641518,0.885009765625,0.007055449745871437,0.2565766342206288,343.247021484375,337.1796112060547,343.1047299975903,341.8662514734714,117651.0,41.776695120163325,19,2,-6.772105953616347,-8.910078903315325,344.5726257324219,367.3631435810121,321.7821078838317,5.710965837751108,-200923459,69.28093834937633,62.29087974672645,344.92999267578125,344.92999267578125,343.360107421875,337.20001220703125,338.3208923339844,328.6400146484375,326.41729736328125,332.4849853515625,329.69781494140625
2025-02-12 20:30:00,336.4599914550781,345.9798889160156,335.6600036621094,345.75,12397101,-0.026869149804546275,-9.355010986328125,0.03067195362300332,-2.7052068071896973,343.09901733398436,337.8558288574219,340.8898171500863,340.8832951064908,4425221.0,38.33717282533231,20,2,-6.735056747730255,-8.475074472198312,343.3506256103516,365.0497781083257,321.65147311237746,6.127386910574769,-213320560,46.806718145455875,58.95330056097108,345.81500244140625,344.92999267578125,344.92999267578125,343.360107421875,337.20001220703125,338.3208923339844,328.6400146484375,326.41729736328125,332.4849853515625
2025-02-13 14:30:00,354.92999267578125,355.839599609375,342.864990234375,345.0400085449219,28332106,0.02866329667845393,18.470001220703125,0.03655540428461888,5.489508913326202,345.4129943847656,340.10032958984374,345.5698756586513,343.43724011908904,15935005.0,57.53300069262789,14,3,-5.155886397903259,-7.811236857339301,343.05957489013673,363.9158098371221,322.2033399431514,6.880214146205349,-184988454,97.04092725422551,71.04286124968591,336.4599914550781,345.81500244140625,344.92999267578125,344.92999267578125,343.360107421875,337.20001220703125,338.3208923339844,328.6400146484375,326.41729736328125
2025-02-13 15:30:00,352.7550048828125,358.69000244140625,352.2200012207031,355.0,15808870,-0.006323929907570422,-2.17498779296875,0.01834134493103082,-0.612793462894401,346.9779968261719,342.7341003417969,347.96491873337175,345.13137916703874,-12523236.0,61.284875183553595,15,3,-4.033391430407846,-7.05566777195301,342.7738403320312,362.8843962968243,322.66328436723813,6.6670989990234295,-200797324,82.33105624992618,75.39290054986918,354.92999267578125,336.4599914550781,345.81500244140625,344.92999267578125,344.92999267578125,343.360107421875,337.20001220703125,338.3208923339844,328.6400146484375
2025-02-13 16:30:00,350.20001220703125,352.97900390625,348.1700134277344,352.75,11211954,-0.007228881057317505,-2.55499267578125,0.013732125388027245,-0.724296647932754,348.03200073242186,344.8901000976563,348.70994989125825,346.05294881067374,-4596916.0,61.17718353315951,16,3,-3.311796311145656,-6.3068934797915395,342.2863204956055,361.0727865012994,323.49985448991157,6.663456508091514,-212009278,74.72464674014265,84.6988767480981,352.7550048828125,354.92999267578125,336.4599914550781,345.81500244140625,344.92999267578125,344.92999267578125,343.360107421875,337.20001220703125,338.3208923339844
2025-02-13 17:30:00,350.4150085449219,352.34991455078125,348.4288024902344,350.19000244140625,7751443,0.0006425257772836419,0.214996337890625,0.011189909007690815,0.061392441575214285,348.952001953125,346.09951171875,349.2783027758128,346.84605058053705,-3460511.0,66.3735230060129,17,3,-2.69155203620943,-5.5838251910751175,341.92407073974607,359.7154029655732,324.1327385139189,6.519250052315848,-204257835,75.36470735738095,77.4734701158166,350.20001220703125,352.7550048828125,354.92999267578125,336.4599914550781,345.81500244140625,344.92999267578125,344.92999267578125,343.360107421875,337.20001220703125
2025-02-13 18:30:00,352.25,352.9849853515625,349.92999267578125,350.44000244140625,6714390,0.005164928506974265,1.834991455078125,0.008672796808463449,0.5236623461699841,352.11000366210936,347.60451049804686,350.26886851720855,347.8285868386212,-1037053.0,65.8596836976772,18,3,-2.0285516245442636,-4.872770477768947,341.78707122802734,359.1927921373918,324.3813503186629,6.348177228655134,-197543445,80.82761791152173,76.97232400301512,350.4150085449219,350.20001220703125,352.7550048828125,354.92999267578125,336.4599914550781,345.81500244140625,344.92999267578125,344.92999267578125,343.360107421875
2025-02-13 19:30:00,355.0199890136719,355.07989501953125,351.78839111328125,352.25,6512988,0.007863701955065649,2.769989013671875,0.009271319948475475,0.7863701955065583,352.1280029296875,348.77049865722654,351.852575349363,349.1361145068122,-201402.0,74.23364024439118,19,3,-1.2650216755730526,-4.151220717329768,342.0060699462891,359.9816798483899,324.03046004418826,6.110425676618304,-191030457,89.07408803854355,81.75547110248208,352.25,350.4150085449219,350.20001220703125,352.7550048828125,354.92999267578125,336.4599914550781,345.81500244140625,344.92999267578125,344.92999267578125
2025-02-13 20:30:00,356.0299987792969,356.8999938964844,353.85009765625,354.9800109863281,7327935,0.0029578786423813306,1.010009765625,0.008566402411851274,0.2844937741198761,352.7830017089844,349.8804992675781,353.24504982600763,350.3895480109003,814947.0,73.69304985567939,20,3,-0.5718276695706095,-3.435342107777937,342.6080551147461,361.6388767928631,323.5772334366291,6.074704851422991,-183702522,91.00438619123794,86.96869738043439,355.0199890136719,352.25,350.4150085449219,350.20001220703125,352.7550048828125,354.92999267578125,336.4599914550781,345.81500244140625,344.92999267578125
2025-02-14 14:30:00,352.4179992675781,361.989990234375,351.6000061035156,360.6199951171875,23812203,-0.022744151629595703,-3.61199951171875,0.029481990569303014,-1.0145211145417665,353.2265991210937,350.6292999267578,352.96936630653113,350.75835733029623,16484268.0,63.62490871186693,14,4,-0.31034711116359404,-2.8103431084550685,343.36045532226564,362.7065738535915,324.01433679093975,6.053277151925223,-207514725,63.646046911093315,81.24150704695826,356.0299987792969,355.0199890136719,352.25,350.4150085449219,350.20001220703125,352.7550048828125,354.92999267578125,336.4599914550781,345.81500244140625
2025-02-14 15:30:00,351.54998779296875,353.07000732421875,347.5,352.4798889160156,14124181,-0.0026381678850007804,-0.868011474609375,0.015844140286242828,-0.24630168618327009,353.45359497070314,351.2027984619141,352.49624013534367,350.9022901416912,-9688022.0,63.93743301306068,15,4,-0.1711897871820156,-2.282512444200458,344.1912048339844,363.44065127371016,324.9417583942586,6.1197052001953125,-221638906,60.349381824588164,71.6666049756398,352.4179992675781,356.0299987792969,355.0199890136719,352.25,350.4150085449219,350.20001220703125,352.7550048828125,354.92999267578125,336.4599914550781
2025-02-14 16:30:00,349.1099853515625,352.739990234375,348.6200866699219,351.54998779296875,6574475,-0.006940698410273283,-2.44000244140625,0.011801162204811411,-0.6940698410273227,352.8255920410156,352.4677978515625,351.36748854074995,350.57641654348595,-7549706.0,56.01956810113253,16,4,-0.2548565823835247,-1.8769812718370713,345.1618133544922,363.257262490557,327.0663642184274,5.946125575474331,-228213381,51.08237200401956,58.35926691323368,351.54998779296875,352.4179992675781,356.0299987792969,355.0199890136719,352.25,350.4150085449219,350.20001220703125,352.7550048828125,354.92999267578125
2025-02-14 17:30:00,351.2296142578125,351.84991455078125,348.8800048828125,349.1300048828125,4948936,0.0060138325140652,2.11962890625,0.008455749593451856,0.6071521856114925,352.06751708984376,352.09776000976564,351.32153044643746,350.69517976427255,-1625539.0,56.520047251754576,17,4,-0.14841593559117428,-1.531268204587892,346.0990447998047,363.35204308242453,328.84604651718485,5.948976789202009,-223264445,59.132618822157646,56.85479088358846,349.1099853515625,351.54998779296875,352.4179992675781,356.0299987792969,355.0199890136719,352.25,350.4150085449219,350.20001220703125,352.7550048828125
2025-02-14 18:30:00,353.1400146484375,354.54998779296875,351.2001037597656,351.2217102050781,5499643,0.00546180485892879,1.910400390625,0.009485993923792648,0.5439177999446043,351.48952026367186,352.1362609863281,351.92769184710414,351.1396951977571,550707.0,58.17405095982645,18,4,0.08906569559911759,-1.2072014245504903,347.4351806640625,362.2349826155436,332.6353787125814,5.938254220145089,-217764802,66.38822598086884,58.86773893568201,351.2296142578125,349.1099853515625,351.54998779296875,352.4179992675781,356.0299987792969,355.0199890136719,352.25,350.4150085449219,350.20001220703125
2025-02-14 19:30:00,355.8667907714844,356.17999267578125,352.3099975585937,353.1099853515625,5968838,0.007807214562842654,2.726776123046875,0.010874841984546482,0.7721515574386162,352.1792785644531,352.70293884277345,353.2407248218976,351.99916712025293,469195.0,59.65370837903094,19,4,0.4916324113832502,-0.8674346573637421,348.79651947021483,361.1183535024521,336.47468543797754,6.040405273437504,-211795964,76.7443882051181,67.42174433604819,353.1400146484375,351.2296142578125,349.1099853515625,351.54998779296875,352.4179992675781,356.0299987792969,355.0199890136719,352.25,350.4150085449219
2025-02-14 20:30:00,355.8999938964844,356.44000244140625,354.2799987792969,355.8299865722656,4756780,0.00019674374521702148,0.033203125,0.006069130933274545,0.00933021171434234,353.0492797851563,353.2514373779297,354.12714784675984,352.708408352295,-1212058.0,72.74216996167094,20,4,0.8040797182068218,-0.5331317822496293,349.6754745483398,361.34144318906766,338.009505907612,5.4575565883091555,-207039184,68.15688189338235,70.42983202645642,355.8667907714844,353.1400146484375,351.2296142578125,349.1099853515625,351.54998779296875,352.4179992675781,356.0299987792969,355.0199890136719,352.25
2025-02-18 14:30:00,353.94171142578125,359.1000061035156,352.54998779296875,355.2799987792969,19484469,-0.003766852505386832,-1.958282470703125,0.018505923713148912,-0.5502339152252733,354.015625,353.4206085205078,354.06533570643364,352.932645274747,14727689.0,48.116000037233206,14,1,0.8834950496141687,-0.24980641587686972,350.51255950927737,360.72091323375327,340.30420578480147,4.541157313755584,-226523653,44.45628548802885,63.119185195509765,355.8999938964844,355.8667907714844,353.1400146484375,351.2296142578125,349.1099853515625,351.54998779296875,352.4179992675781,356.0299987792969,355.0199890136719
2025-02-18 15:30:00,356.2550048828125,357.1499938964844,353.4599914550781,353.95001220703125,6364794,0.0065121983226067,2.31329345703125,0.010357756075932322,0.6535803445467447,355.020703125,353.5441101074219,354.7952254318933,353.5367106580316,-13119675.0,56.63719067571009,15,1,1.1201829491453168,0.024191457127567595,351.15730438232424,361.08868999994706,341.2259187647014,4.342585972377236,-220158859,60.421054405149036,57.678073928853415,353.94171142578125,355.8999938964844,355.8667907714844,353.1400146484375,351.2296142578125,349.1099853515625,351.54998779296875,352.4179992675781,356.0299987792969
2025-02-18 16:30:00,354.4200134277344,357.1700134277344,353.79998779296875,356.1400146484375,4488174,-0.004829564637382909,-1.834991455078125,0.009508564717248303,-0.5150780844978553,355.2767028808594,353.38311157226565,354.67015476384034,353.6973111616139,-1876620.0,58.22722150628222,16,1,1.1464754842800744,0.248648262558069,351.6318054199219,361.21102449466446,342.0525863451793,4.239802769252236,-224647033,47.757198699263704,50.87817953081386,356.2550048828125,353.94171142578125,355.8999938964844,355.8667907714844,353.1400146484375,351.2296142578125,349.1099853515625,351.54998779296875,352.4179992675781
2025-02-18 17:30:00,351.2900085449219,355.2598876953125,350.0199890136719,354.3999938964844,5938609,-0.008775353851927228,-3.1300048828125,0.014916162014811654,-0.8831343502701761,354.36134643554686,353.2703125,353.5434393575342,353.2596197767608,1450435.0,51.5317777640062,17,1,0.9043228019615412,0.3797831704387634,351.9498062133789,360.9999224887882,342.89968993796964,4.334001813616076,-230585642,26.156046233424878,44.77809977927921,354.4200134277344,356.2550048828125,353.94171142578125,355.8999938964844,355.8667907714844,353.1400146484375,351.2296142578125,349.1099853515625,351.54998779296875
2025-02-18 18:30:00,352.6700134277344,353.468994140625,350.5,351.29071044921875,4616889,0.003926386145400255,1.3800048828125,0.008418618049683933,0.39283920670805106,353.71535034179686,353.38231506347654,353.2522973809343,353.15241862239236,-1321720.0,50.74717941535098,18,1,0.8143822261020546,0.46670298157142165,352.2925567626953,360.8713579815186,343.713755543872,4.327859061104915,-225968753,35.67989587370053,36.53104693546303,351.2900085449219,354.4200134277344,356.2550048828125,353.94171142578125,355.8999938964844,355.8667907714844,353.1400146484375,351.2296142578125,349.1099853515625
2025-02-18 19:30:00,352.760009765625,354.6700134277344,352.3660888671875,352.67999267578125,3772401,0.0002268829860085364,0.089996337890625,0.0065311387253833295,0.025518568198057423,353.4790100097656,353.7473175048828,353.08820150916455,353.08107155752555,-844488.0,45.55587694841084,19,1,0.7418144488802909,0.5217252750331955,353.10755767822263,357.3587259985338,348.85638935791144,4.2573176792689775,-222196352,36.30098903135583,32.71231037949374,352.6700134277344,351.2900085449219,354.4200134277344,356.2550048828125,353.94171142578125,355.8999938964844,355.8667907714844,353.1400146484375,351.2296142578125
2025-02-18 20:30:00,354.04998779296875,354.3299865722656,352.3299865722656,352.760009765625,3271751,0.0036568148078939444,1.28997802734375,0.005648919838883042,0.36568148078939267,353.0380065917969,354.02935485839845,353.4087969370993,353.25723814578794,-500650.0,46.148823592959246,20,1,0.7794098569547145,0.5732621914174993,353.06355743408204,357.25307410479456,348.8740407633695,4.182325090680807,-218924601,45.20353490252902,39.061473269195126,352.760009765625,352.6700134277344,351.2900085449219,354.4200134277344,356.2550048828125,353.94171142578125,355.8999938964844,355.8667907714844,353.1400146484375
